"Abrines, Alex"
"Adams, Steven"
"Adebayo, Bam"
"Aldridge, LaMarcus"
"Allen, Grayson"
"Allen, Jarrett"
"Aminu, Al-Farouq"
"Anderson, Justin"
"Anderson, Kyle"
"Anderson, Ryan"
"Anigbogu, Ike"
"Antetokounmpo, Giannis"
"Anthony, Carmelo"
"Arcidiacono, Ryan"
"Ariza, Trevor"
"Augustin, D.J."
"Bacon, Dwayne"
"Baker, Ron"
"Ball, Lonzo"
"Bamba, Mohamed"
"Barnes, Harrison"
"Barton, Will"
"Bates-Diop, Keita"
"Batum, Nicolas"
"Bayless, Jerryd"
"Baynes, Aron"
"Bazemore, Kent"
"Beasley, Malik"
"Beasley, Michael"
"Belinelli, Marco"
"Bell, Jordan"
"Bembry, DeAndre'"
"Bender, Dragan"
"Bertans, Davis"
"Beverley, Patrick"
"Birch, Khem"
"Biyombo, Bismack"
"Bjelica, Nemanja"
"Blakeney, Antonio"
"Bledsoe, Eric"
"Bogdanovic, Bogdan"
"Bogdanovic, Bojan"
"Bolden, Jonah"
"Bonga, Isaac"
"Booker, Devin"
"Bradley, Avery"
"Bradley, Tony"
"Bridges, Mikal"
"Bridges, Miles"
"Briscoe, Isaiah"
"Broekhoff, Ryan"
"Brogdon, Malcolm"
"Brooks, Dillon"
"Brooks, MarShon"
"Brown, Jaylen"
"Brown, Lorenzo"
"Brown, Sterling"
"Brunson, Jalen"
"Bullock, Reggie"
"Burke, Trey"
"Burks, Alec"
"Butler, Jimmy"
"Calderon, Jose"
"Caldwell-Pope, Kentavious"
"Canaan, Isaiah"
"Capela, Clint"
"Carroll, DeMarre"
"Carter, Jevon"
"Carter, Vince"
"Carter-Williams, Michael"
"Casspi, Omri"
"Cauley-Stein, Willie"
"Chandler, Tyson"
"Chandler, Wilson"
"Chriss, Marquese"
"Clark, Ian"
"Clarkson, Jordan"
"Collins, John"
"Collins, Zach"
"Collison, Darren"
"Connaughton, Pat"
"Cook, Quinn"
"Covington, Robert"
"Crabbe, Allen"
"Craig, Torrey"
"Crowder, Jae"
"Cunningham, Dante"
"Curry, Seth"
"Curry, Stephen"
"Daniels, Troy"
"Davis, Anthony"
"Davis, Ed"
"Dekker, Sam"
"Dellavedova, Matthew"
"Deng, Luol"
"DeRozan, DeMar"
"Diallo, Cheick"
"Diallo, Hamidou"
"Dieng, Gorgui"
"Dinwiddie, Spencer"
"DiVincenzo, Donte"
"Doncic, Luka"
"Dorsey, Tyler"
"Dotson, Damyean"
"Dragic, Goran"
"Drummond, Andre"
"Dudley, Jared"
"Dunn, Kris"
"Durant, Kevin"
"Ellenson, Henry"
"Ellington, Wayne"
"Embiid, Joel"
"Ennis, James"
"Evans, Jacob"
"Evans, Tyreke"
"Exum, Dante"
"Faried, Kenneth"
"Favors, Derrick"
"Felicio, Cristiano"
"Felton, Raymond"
"Ferguson, Terrance"
"Ferrell, Yogi"
"Finney-Smith, Dorian"
"Forbes, Bryn"
"Fournier, Evan"
"Fox, De'Aaron"
"Frye, Channing"
"Fultz, Markelle"
"Gallinari, Danilo"
"Galloway, Langston"
"Gasol, Marc"
"Gasol, Pau"
"Gay, Rudy"
"George, Paul"
"Gibson, Taj"
"Giles, Harry"
"Gilgeous-Alexander, Shai"
"Gobert, Rudy"
"Gordon, Aaron"
"Gordon, Eric"
"Gortat, Marcin"
"Graham, Devonte'"
"Graham, Treveon"
"Grant, Jerami"
"Grant, Jerian"
"Green, Danny"
"Green, Draymond"
"Green, Gerald"
"Green, JaMychal"
"Griffin, Blake"
"Hamilton, Daniel"
"Harden, James"
"Harkless, Maurice"
"Harrell, Montrezl"
"Harris, Devin"
"Harris, Gary"
"Harris, Joe"
"Harris, Tobias"
"Harrison, Andrew"
"Hart, Josh"
"Hartenstein, Isaiah"
"Haslem, Udonis"
"Hayward, Gordon"
"Henson, John"
"Hernangomez, Willy"
"Hezonja, Mario"
"Hield, Buddy"
"Hilario, Nene"
"Hill, George"
"Hill, Solomon"
"Holiday, Aaron"
"Holiday, Jrue"
"Holiday, Justin"
"Hollis-Jefferson, Rondae"
"Holmes, Richaun"
"Hood, Rodney"
"Horford, Al"
"Huerter, Kevin"
"Hutchison, Chandler"
"Ibaka, Serge"
"Iguodala, Andre"
"Ilyasova, Ersan"
"Ingles, Joe"
"Ingram, Brandon"
"Irving, Kyrie"
"Isaac, Jonathan"
"Iwundu, Wesley"
"Jackson, Frank"
"Jackson, Josh"
"Jackson, Justin"
"Jackson, Reggie"
"James, LeBron"
"Jerebko, Jonas"
"Johnson, Alize"
"Johnson, Amir"
"Johnson, James"
"Johnson, Stanley"
"Johnson, Tyler"
"Johnson, Wesley"
"Jokic, Nikola"
"Jones, Damian"
"Jones, Tyus"
"Jordan, DeAndre"
"Joseph, Cory"
"Kaminsky, Frank"
"Kanter, Enes"
"Kennard, Luke"
"Kidd-Gilchrist, Michael"
"Knight, Brandon"
"Knox, Kevin"
"Korkmaz, Furkan"
"Kornet, Luke"
"Korver, Kyle"
"Koufos, Kosta"
"Kurucs, Rodions"
"Kuzma, Kyle"
"Labissiere, Skal"
"Lamb, Jeremy"
"LaVine, Zach"
"Layman, Jake"
"Leaf, T.J."
"Lee, Courtney"
"Len, Alex"
"Leonard, Kawhi"
"Leonard, Meyers"
"Leuer, Jon"
"LeVert, Caris"
"Lillard, Damian"
"Lin, Jeremy"
"Livingston, Shaun"
"Looney, Kevon"
"Lopez, Brook"
"Lopez, Robin"
"Love, Kevin"
"Lowry, Kyle"
"Luwawu-Cabarrot, Timothe"
"Lydon, Tyler"
"Lyles, Trey"
"Mack, Shelvin"
"Maker, Thon"
"Marjanovic, Boban"
"Markkanen, Lauri"
"Martin, Jarell"
"Mason, Frank"
"Matthews, Wesley"
"McDermott, Doug"
"McGee, JaVale"
"McGruder, Rodney"
"McKinnie, Alfonzo"
"McLemore, Ben"
"Mejri, Salah"
"Melton, De'Anthony"
"Metu, Chimezie"
"Middleton, Khris"
"Miles, C.J."
"Miller, Darius"
"Millsap, Paul"
"Mirotic, Nikola"
"Mitchell, Donovan"
"Monk, Malik"
"Monroe, Greg"
"Moore, E'Twaun"
"Morris, Monte"
"Mudiay, Emmanuel"
"Murray, Jamal"
"Musa, Dzanan"
"Muscala, Mike"
"Mykhailiuk, Sviatoslav"
"Nader, Abdel"
"Napier, Shabazz"
"Neto, Raul"
"Niang, Georges"
"Noel, Nerlens"
"Nowitzki, Dirk"
"Ntilikina, Frank"
"Nunnally, James"
"Nwaba, David"
"O'Neale, Royce"
"O'Quinn, Kyle"
"Ojeleye, Semi"
"Okafor, Jahlil"
"Okobo, Elie"
"Okogie, Josh"
"Oladipo, Victor"
"Olynyk, Kelly"
"Osman, Cedi"
"Pachulia, Zaza"
"Parker, Jabari"
"Parker, Tony"
"Parsons, Chandler"
"Patterson, Patrick"
"Paul, Chris"
"Payne, Cameron"
"Payton, Elfrid"
"Plumlee, Mason"
"Plumlee, Miles"
"Poeltl, Jakob"
"Pondexter, Quincy"
"Portis, Bobby"
"Powell, Dwight"
"Powell, Norman"
"Qi, Zhou"
"Rabb, Ivan"
"Randle, Julius"
"Redick, J.J."
"Reed, Davon"
"Richardson, Josh"
"Richardson, Malachi"
"Robinson, Jerome"
"Robinson, Mitchell"
"Rondo, Rajon"
"Rose, Derrick"
"Ross, Terrence"
"Rubio, Ricky"
"Russell, D'Angelo"
"Sabonis, Domantas"
"Saric, Dario"
"Schroder, Dennis"
"Scott, Mike"
"Sefolosha, Thabo"
"Selden, Wayne"
"Sexton, Collin"
"Shamet, Landry"
"Shumpert, Iman"
"Siakam, Pascal"
"Simmons, Ben"
"Simmons, Jonathon"
"Simons, Anfernee"
"Smart, Marcus"
"Smith, Ish"
"Smith, J.R."
"Snell, Tony"
"Spellman, Omari"
"Stauskas, Nik"
"Stephenson, Lance"
"Swanigan, Caleb"
"Tatum, Jayson"
"Teague, Jeff"
"Temple, Garrett"
"Teodosic, Milos"
"Theis, Daniel"
"Thomas, Khyri"
"Thomas, Lance"
"Thompson, Klay"
"Thompson, Tristan"
"Thornwell, Sindarius"
"Tolliver, Anthony"
"Towns, Karl-Anthony"
"Tucker, P.J."
"Turner, Evan"
"Turner, Myles"
"Udoh, Ekpe"
"Valanciunas, Jonas"
"VanVleet, Fred"
"Vonleh, Noah"
"Vucevic, Nikola"
"Wade, Dwyane"
"Wagner, Moritz"
"Waiters, Dion"
"Walker, Kemba"
"Wallace, Tyrone"
"Wanamaker, Brad"
"Warren, T.J."
"Westbrook, Russell"
"White, Derrick"
"Whiteside, Hassan"
"Wiggins, Andrew"
"Williams, Kenrich"
"Williams, Lou"
"Williams, Marvin"
"Williams, Troy"
"Wilson, D.J."
"Winslow, Justise"
"Wood, Christian"
"Wright, Delon"
"Yabusele, Guerschon"
"Young, Thaddeus"
"Young, Trae"
"Zeller, Cody"
"Zizic, Ante"
"Zubac, Ivica"
